{"cameraMode":{"drawMode":0,"name":"Shaded","section":"Shading Mode"},"sceneLighting":true,"audioPlay":false,"sceneViewState":{"showFog":true,"showMaterialUpdate":false,"showSkybox":true,"showFlares":true,"showImageEffects":true,"showParticleSystems":true},"in2DMode":false,"pivot":{"x":490.83843994140627,"y":-678.057373046875,"z":-40.08294677734375},"rotation":{"x":0.17566770315170289,"y":0.7698891758918762,"z":-0.23942017555236817,"w":0.5648828148841858},"size":821.90576171875,"orthographic":false}