{"cameraMode":{"drawMode":0,"name":"Shaded","section":"Shading Mode"},"sceneLighting":true,"audioPlay":false,"sceneViewState":{"showFog":true,"showMaterialUpdate":false,"showSkybox":true,"showFlares":true,"showImageEffects":true,"showParticleSystems":true},"in2DMode":false,"pivot":{"x":-122.35791015625,"y":-303.13818359375,"z":82.0355224609375},"rotation":{"x":0.13298586010932923,"y":0.7788720726966858,"z":-0.17659854888916017,"w":0.5870283246040344},"size":273.9654846191406,"orthographic":true}