{"cameraMode":{"drawMode":0,"name":"Shaded","section":"Shading Mode"},"sceneLighting":true,"audioPlay":false,"sceneViewState":{"showFog":true,"showMaterialUpdate":false,"showSkybox":true,"showFlares":true,"showImageEffects":true,"showParticleSystems":true},"in2DMode":false,"pivot":{"x":-2.8174209594726564,"y":0.6402673721313477,"z":-1.3352553844451905},"rotation":{"x":-0.15336821973323823,"y":0.7366687059402466,"z":-0.17817221581935883,"w":-0.6340824365615845},"size":18.105024337768556,"orthographic":false}